x,rho_0.1,rho_0.05,rho_0.01,rho_0.005,rho_0.001,rho_0.0005,rho_0.0001
-2.0,-0.48949162234835053,-0.5544916223483506,-0.5992916223483505,-0.6044416223483505,-0.6084896223483505,-0.6089911223483505,-0.6093916023483504
-1.98,-0.4915687419979191,-0.5555065604824991,-0.5994919058755818,-0.6045416313870371,-0.6085096041293645,-0.6090011120252832,-0.6093936000907906
-1.96,-0.49362404189031095,-0.5565110554269163,-0.599690166630446,-0.6046406328729407,-0.608529385003984,-0.6090110012864911,-0.609395577756072
-1.94,-0.4956575448843456,-0.5575051128933679,-0.5998864047908283,-0.6047386268328169,-0.6085489649675423,-0.6090207901290127,-0.6093975353435022
-1.92,-0.49766927384881754,-0.5584887386009894,-0.6000806205365553,-0.604835613294419,-0.6085683440155764,-0.609030478549988,-0.6093994728524081
-1.9,-0.4996592516575942,-0.55946193827508,-0.6002728140493574,-0.6049315922864923,-0.6085875221438276,-0.6090400665466609,-0.6094013902821385
-1.88,-0.5016275011846725,-0.5604247176458843,-0.6004629855128301,-0.6050265638387675,-0.6086064993482433,-0.6090495541163773,-0.6094032876320618
-1.8599999999999999,-0.503574045299196,-0.5613770824473624,-0.6006511351123937,-0.6051205279819543,-0.6086252756249764,-0.6090589412565875,-0.6094051649015678
-1.84,-0.5054989068604331,-0.5623190384159464,-0.6008372630352534,-0.6052134847477337,-0.6086438509703872,-0.6090682279648458,-0.6094070220900671
-1.82,-0.5074021087127197,-0.563250591289289,-0.6010213694703577,-0.6053054341687514,-0.6086622253810434,-0.6090774142388111,-0.6094088591969918
-1.8,-0.5092836736803661,-0.5641717468049975,-0.6012034546083548,-0.6053963762786093,-0.6086803988537209,-0.609086500076248,-0.6094106762217947
-1.78,-0.5111436245625317,-0.5650825106993599,-0.6013835186415506,-0.605486311111858,-0.6086983713854044,-0.6090954854750261,-0.60941247316395
-1.76,-0.5129819841280692,-0.5659828887060606,-0.6015615617638636,-0.6055752387039877,-0.6087161429732879,-0.6091043704331212,-0.6094142500229535
-1.74,-0.5147987751103379,-0.5668728865548857,-0.60173758417078,-0.6056631590914193,-0.6087337136147752,-0.6091131549486153,-0.6094160067983224
-1.72,-0.5165940202019921,-0.5677525099704203,-0.601911586059308,-0.6057500723114959,-0.6087510833074798,-0.6091218390196969,-0.6094177434895954
-1.7,-0.5183677420497416,-0.5686217646707358,-0.6020835676279299,-0.6058359784024724,-0.6087682520492258,-0.6091304226446619,-0.6094194600963331
-1.68,-0.5201199632490913,-0.56948065636607,-0.602253529076556,-0.6059208774035058,-0.6087852198380478,-0.6091389058219129,-0.6094211566181175
-1.66,-0.5218507063390578,-0.5703291907574998,-0.6024214706064747,-0.6060047693546448,-0.6088019866721908,-0.6091472885499603,-0.6094228330545526
-1.6400000000000001,-0.5235599937968665,-0.571167373535605,-0.6025873924203032,-0.6060876542968194,-0.608818552550111,-0.6091555708274213,-0.6094244894052642
-1.62,-0.5252478480326312,-0.5719952103791274,-0.6027512947219384,-0.6061695322718295,-0.6088349174704757,-0.609163752653022,-0.6094261256699001
-1.6,-0.5269142913840197,-0.5728127069536216,-0.6029131777165051,-0.6062504033223338,-0.6088510814321628,-0.6091718340255954,-0.6094277418481296
-1.58,-0.5285593461109035,-0.5736198689101021,-0.6030730416103041,-0.6063302674918376,-0.6088670444342611,-0.6091798149440832,-0.6094293379396449
-1.56,-0.5301830343899978,-0.5744167018836832,-0.6032308866107602,-0.606409124824681,-0.6088828064760702,-0.609187695407535,-0.6094309139441598
-1.54,-0.5317853783094912,-0.5752032114922153,-0.603386712926369,-0.6064869753660268,-0.6088983675570999,-0.6091954754151084,-0.6094324698614101
-1.52,-0.5333663998636687,-0.5759794033349163,-0.6035405207666427,-0.606563819161847,-0.6089137276770707,-0.609203154966069,-0.6094340056911536
-1.5,-0.5349261209475287,-0.5767452829909997,-0.603692310342055,-0.6066396562589097,-0.6089288868359124,-0.6092107340597909,-0.6094355214331708
-1.48,-0.5364645633513975,-0.5775008560182987,-0.6038420818639868,-0.6067144867047665,-0.6089438450337645,-0.6092182126957557,-0.6094370170872637
-1.46,-0.5379817487555423,-0.5782461279518888,-0.6039898355446688,-0.6067883105477375,-0.608958602270976,-0.6092255908735534,-0.6094384926532567
-1.44,-0.5394776987247851,-0.5789811043027069,-0.6041355715971262,-0.6068611278368978,-0.6089731585481033,-0.6092328685928818,-0.6094399481309963
-1.42,-0.5409524347031198,-0.5797057905561693,-0.60427929023512,-0.6069329386220631,-0.6089875138659112,-0.6092400458535459,-0.609441383520351
-1.4,-0.5424059780083347,-0.580420192170789,-0.6044209916730898,-0.6070037429537744,-0.609001668225372,-0.6092471226554588,-0.609442798821212
-1.38,-0.5438383498266419,-0.5811243145767916,-0.6045606761260952,-0.607073540883283,-0.6090156216276639,-0.6092540989986402,-0.6094441940334919
-1.3599999999999999,-0.5452495712073169,-0.581818163174732,-0.6046983438097563,-0.6071423324625354,-0.6090293740741709,-0.6092609748832173,-0.6094455691571259
-1.3399999999999999,-0.5466396630573483,-0.5825017433341105,-0.6048339949401939,-0.6072101177441569,-0.6090429255664817,-0.6092677503094239,-0.6094469241920705
-1.3199999999999998,-0.5480086461361033,-0.5831750603919907,-0.6049676297339692,-0.6072768967814359,-0.6090562761063885,-0.6092744252775999,-0.6094482591383049
-1.2999999999999998,-0.549356541050007,-0.583838119651619,-0.6050992484080239,-0.6073426696283079,-0.6090694256958863,-0.609280999788191,-0.6094495739958299
-1.28,-0.5506833682472402,-0.5844909263810458,-0.6052288511796176,-0.6074074363393375,-0.6090823743371722,-0.609287473841749,-0.6094508687646683
-1.26,-0.551989148012458,-0.5851334858117502,-0.605356438266266,-0.6074711969697026,-0.6090951220326433,-0.6092938474389301,-0.6094521434448646
-1.24,-0.55327390046153,-0.5857658031372663,-0.60548200988568,-0.6075339515751768,-0.6091076687848961,-0.6093001205804961,-0.609453398036485
-1.22,-0.5545376455363037,-0.5863878835118158,-0.605605566255702,-0.607595700212111,-0.6091200145967249,-0.6093062932673121,-0.6094546325396175
-1.2,-0.5557804029993965,-0.5869997320489417,-0.6057271075942426,-0.6076564429374168,-0.6091321594711209,-0.6093123655003471,-0.6094558469543717
-1.18,-0.5570021924290142,-0.5876013538201504,-0.6058466341192174,-0.6077161798085476,-0.6091441034112703,-0.6093183372806731,-0.6094570412808785
-1.1600000000000001,-0.5582030332138005,-0.5881927538535566,-0.6059641460484831,-0.6077749108834805,-0.609155846420553,-0.6093242086094646,-0.6094582155192901
-1.1400000000000001,-0.5593829445477199,-0.5887739371325349,-0.6060796435997736,-0.6078326362206967,-0.609167388502541,-0.6093299794879979,-0.6094593696697803
-1.12,-0.560541945424974,-0.5893449085943789,-0.6061931269906348,-0.607889355879164,-0.6091787296609968,-0.6093356499176501,-0.6094605037325438
-1.1,-0.5616800546349562,-0.5899056731289664,-0.60630459643836,-0.6079450699183166,-0.6091898698998712,-0.609341219899899,-0.6094616177077962
-1.08,-0.5627972907572427,-0.5904562355774319,-0.606414052159925,-0.6079997783980358,-0.6092008092233028,-0.6093466894363219,-0.6094627115957743
-1.06,-0.5638936721566267,-0.590996600730849,-0.6065214943719228,-0.6080534813786301,-0.6092115476356145,-0.6093520585285945,-0.6094637853967355
-1.04,-0.564969216978194,-0.5915267733289195,-0.6066269232904974,-0.6081061789208164,-0.6092220851413132,-0.6093573271784912,-0.6094648391109581
-1.02,-0.5660239431424445,-0.5920467580586737,-0.6067303391312785,-0.6081578710856983,-0.6092324217450866,-0.6093624953878831,-0.6094658727387403
-1.0,-0.5670578683404589,-0.5925565595531785,-0.6068317421093155,-0.6082085579347466,-0.6092425574518019,-0.6093675631587376,-0.6094668862804014
-0.98,-0.5680710100291154,-0.593056182390258,-0.6069311324390112,-0.6082582395297785,-0.6092524922665029,-0.6093725304931177,-0.6094678797362799
-0.96,-0.5690633854263569,-0.5935456310912232,-0.6070285103340558,-0.6083069159329372,-0.6092622261944091,-0.6093773973931802,-0.6094688531067352
-0.94,-0.5700350115065104,-0.5940249101196142,-0.6071238760073603,-0.6083545872066701,-0.6092717592409123,-0.6093821638611757,-0.6094698063921459
-0.9199999999999999,-0.5709859049956612,-0.5944940238799541,-0.60721722967099,-0.6084012534137082,-0.6092810914115749,-0.6093868298994474,-0.6094707395929105
-0.8999999999999999,-0.5719160823670834,-0.5949529767165153,-0.607308571536099,-0.6084469146170449,-0.6092902227121275,-0.6093913955104293,-0.6094716527094469
-0.8799999999999999,-0.572825559836729,-0.5954017729120985,-0.6073979018128622,-0.6084915708799138,-0.609299153148466,-0.609395860696646,-0.6094725457421919
-0.8599999999999999,-0.5737143533587763,-0.5958404166868262,-0.6074852207104106,-0.6085352222657676,-0.6093078827266503,-0.6094002254607109,-0.6094734186916015
-0.8400000000000001,-0.5745824786212411,-0.5962689121969496,-0.6075705284367628,-0.6085778688382559,-0.6093164114528998,-0.6094044898053256,-0.6094742715581509
-0.8200000000000001,-0.5754299510416508,-0.5966872635336687,-0.6076538251987609,-0.6086195106612033,-0.6093247393335929,-0.6094086537332779,-0.6094751043423334
-0.8,-0.5762567857627847,-0.5970954747219707,-0.6077351112020023,-0.6086601477985873,-0.6093328663752633,-0.6094127172474423,-0.6094759170446608
-0.78,-0.5770629976484808,-0.5974935497194805,-0.607814386650775,-0.6086997803145157,-0.6093407925845971,-0.6094166803507766,-0.609476709665663
-0.76,-0.5778486012795122,-0.5978814924153297,-0.6078916517479906,-0.6087384082732045,-0.6093485179684306,-0.6094205430463218,-0.6094774822058879
-0.74,-0.5786136109495329,-0.5982593066290403,-0.6079669066951191,-0.6087760317389556,-0.6093560425337473,-0.6094243053372008,-0.6094782346659011
-0.72,-0.5793580406610974,-0.5986269961094263,-0.6080401516921227,-0.6088126507761333,-0.6093633662876745,-0.6094279672266169,-0.6094789670462855
-0.7,-0.580081904121753,-0.5989845645335131,-0.6081113869373912,-0.6088482654491424,-0.6093704892374813,-0.6094315287178521,-0.6094796793476409
-0.6799999999999999,-0.5807852147402074,-0.5993320155054741,-0.608180612627676,-0.6088828758224051,-0.6093774113905749,-0.6094349898142664,-0.6094803715705845
-0.6599999999999999,-0.5814679856225741,-0.5996693525555854,-0.6082478289580254,-0.6089164819603375,-0.609384132754498,-0.6094383505192961,-0.6094810437157497
-0.6399999999999999,-0.5821302295686956,-0.5999965791391998,-0.6083130361217207,-0.6089490839273283,-0.609390653336925,-0.6094416108364518,-0.6094816957837866
-0.6199999999999999,-0.5827719590685472,-0.6003136986357402,-0.6083762343102109,-0.6089806817877131,-0.6093969731456599,-0.6094447707693175,-0.6094823277753609
-0.5999999999999999,-0.5833931862987211,-0.6006207143477125,-0.6084374237130493,-0.6090112756057542,-0.6094030921886321,-0.6094478303215488,-0.6094829396911542
-0.5800000000000001,-0.5839939231189948,-0.6009176294997376,-0.6084966045178304,-0.609040865445615,-0.6094090104738937,-0.609450789496872,-0.6094835315318636
-0.56,-0.5845741810689825,-0.6012044472376059,-0.6085537769101261,-0.609069451371338,-0.6094147280096167,-0.609453648299082,-0.6094841032982018
-0.54,-0.5851339713648732,-0.6014811706273507,-0.6086089410734234,-0.609097033446822,-0.6094202448040885,-0.6094564067320406,-0.6094846549908958
-0.52,-0.5856733048962541,-0.601747802654344,-0.6086620971890623,-0.6091236117357974,-0.6094255608657095,-0.6094590647996753,-0.6094851866106873
-0.5,-0.5861921922230242,-0.6020043462224135,-0.6087132454361734,-0.6091491863018045,-0.6094306762029891,-0.609461622505977,-0.6094856981583328
-0.48,-0.5866906435723952,-0.602250804152982,-0.6087623859916178,-0.6091737572081692,-0.6094355908245425,-0.6094640798549996,-0.6094861896346018
-0.45999999999999996,-0.5871686688359848,-0.6024871791842288,-0.6088095190299254,-0.6091973245179805,-0.6094403047390873,-0.6094664368508566,-0.609486661040278
-0.43999999999999995,-0.5876262775670006,-0.6027134739702737,-0.6088546447232355,-0.6092198882940665,-0.6094448179554399,-0.6094686934977209,-0.6094871123761586
-0.41999999999999993,-0.5880634789775175,-0.6029296910803855,-0.6088977632412368,-0.6092414485989717,-0.6094491304825118,-0.6094708497998226,-0.6094875436430531
-0.3999999999999999,-0.5884802819358487,-0.6031358329982113,-0.6089388747511089,-0.609262005494934,-0.6094532423293056,-0.6094729057614466,-0.609487954841784
-0.3799999999999999,-0.5888766949640115,-0.6033319021210324,-0.6089779794174637,-0.6092815590438614,-0.6094571535049127,-0.6094748613869326,-0.6094883459731859
-0.3599999999999999,-0.5892527262352902,-0.6035179007590428,-0.6090150774022878,-0.6093001093073087,-0.6094608640185079,-0.6094767166806708,-0.6094887170381058
-0.33999999999999986,-0.5896083835718946,-0.6036938311346516,-0.6090501688648862,-0.6093176563464547,-0.609464373879347,-0.6094784716471021,-0.6094890680374018
-0.32000000000000006,-0.5899436744427166,-0.6038596953818113,-0.6090832539618249,-0.6093342002220797,-0.6094676830967626,-0.6094801262907156,-0.6094893989719431
-0.30000000000000004,-0.5902586059611865,-0.60401549554537,-0.609114332846877,-0.6093497409945419,-0.60947079168016,-0.6094816806160467,-0.6094897098426102
-0.28,-0.5905531848832288,-0.6041612335804499,-0.6091434056709665,-0.609364278723755,-0.6094736996390141,-0.6094831346276753,-0.6094900006502938
-0.26,-0.5908274176053168,-0.6042969113518497,-0.6091704725821152,-0.609377813469166,-0.609476406982865,-0.6094844883302242,-0.6094902713958948
-0.24,-0.5910813101626294,-0.6044225306334746,-0.6091955337253893,-0.6093903452897323,-0.6094789137213142,-0.6094857417283567,-0.6094905220803241
-0.21999999999999997,-0.5913148682273113,-0.6045380931077907,-0.609218589242847,-0.609401874243899,-0.6094812198640216,-0.6094868948267753,-0.6094907527045015
-0.19999999999999996,-0.5915280971068321,-0.6046436003653061,-0.6092396392734873,-0.6094124003895772,-0.6094833254207,-0.6094879476302191,-0.609490963269356
-0.17999999999999994,-0.591721001742452,-0.6047390539040784,-0.6092586839531993,-0.6094219237841214,-0.6094852304011127,-0.6094889001434627,-0.6094911537758256
-0.15999999999999992,-0.5918935867077891,-0.6048244551292493,-0.609275723414712,-0.6094304444843079,-0.6094869348150684,-0.6094897523713135,-0.6094913242248564
-0.1399999999999999,-0.5920458562074922,-0.6048998053526049,-0.6092907577875463,-0.609437962546313,-0.6094884386724189,-0.6094905043186103,-0.6094914746174018
-0.11999999999999988,-0.5921778140760169,-0.6049651057921636,-0.6093037871979664,-0.6094444780256907,-0.6094897419830528,-0.6094911559902209,-0.6094916049544232
-0.09999999999999987,-0.5922894637765083,-0.6050203575717907,-0.6093148117689333,-0.6094499909773521,-0.6094908447568937,-0.6094917073910404,-0.6094917152368892
-0.08000000000000007,-0.5923808083997879,-0.6050655617208409,-0.6093238316200585,-0.6094545014555435,-0.6094917470038947,-0.6094921585259893,-0.6094918054657747
-0.06000000000000005,-0.5924518506634481,-0.6051007191738277,-0.6093308468675597,-0.6094580095138253,-0.6094924487340353,-0.6094925094000113,-0.6094918756420612
-0.040000000000000036,-0.592502592911051,-0.6051258307701198,-0.609335857624215,-0.6094605152050517,-0.609492949957317,-0.6094927600180715,-0.609491925766736
-0.020000000000000018,-0.5925330371114348,-0.6051408972536666,-0.6093388639993227,-0.6094620185813492,-0.6094932506837593,-0.6094929103851544,-0.6094919558407919
0.0,-0.592543184858127,-0.6051459192727497,-0.6093398660986564,-0.6094625196940964,-0.609493350923396,-0.6094929605062616,-0.6094919658652266
0.020000000000000018,-0.5925330371114351,-0.6051408972536665,-0.6093388639993226,-0.609462018581349,-0.6094932506837588,-0.609492910385154,-0.6094919558407916
0.040000000000000036,-0.5925025929110515,-0.6051258307701197,-0.6093358576242148,-0.6094605152050514,-0.6094929499573161,-0.609492760018071,-0.6094919257667357
0.06000000000000005,-0.5924518506634486,-0.6051007191738276,-0.6093308468675592,-0.6094580095138247,-0.6094924487340341,-0.6094925094000104,-0.6094918756420608
0.08000000000000007,-0.5923808083997882,-0.6050655617208408,-0.609323831620058,-0.6094545014555426,-0.6094917470038932,-0.609492158525988,-0.6094918054657741
0.10000000000000009,-0.5922894637765085,-0.6050203575717905,-0.6093148117689324,-0.6094499909773512,-0.6094908447568916,-0.6094917073910389,-0.6094917152368885
0.1200000000000001,-0.5921778140760171,-0.6049651057921633,-0.6093037871979653,-0.6094444780256896,-0.6094897419830504,-0.6094911559902191,-0.6094916049544225
0.14000000000000012,-0.5920458562074922,-0.6048998053526046,-0.609290757787545,-0.6094379625463118,-0.609488438672416,-0.6094905043186086,-0.6094914746174008
0.16000000000000014,-0.5918935867077891,-0.6048244551292488,-0.6092757234147106,-0.6094304444843067,-0.6094869348150651,-0.6094897523713118,-0.6094913242248555
0.18000000000000016,-0.5917210017424519,-0.6047390539040775,-0.6092586839531977,-0.6094219237841202,-0.6094852304011088,-0.6094889001434607,-0.6094911537758247
0.20000000000000018,-0.5915280971068321,-0.6046436003653046,-0.6092396392734857,-0.6094124003895759,-0.6094833254206959,-0.6094879476302169,-0.609490963269355
0.2200000000000002,-0.5913148682273113,-0.604538093107789,-0.6092185892428451,-0.6094018742438978,-0.6094812198640174,-0.6094868948267728,-0.6094907527045003
0.2400000000000002,-0.5910813101626297,-0.6044225306334727,-0.6091955337253873,-0.6093903452897311,-0.60947891372131,-0.6094857417283541,-0.6094905220803226
0.26000000000000023,-0.5908274176053169,-0.6042969113518476,-0.6091704725821131,-0.6093778134691649,-0.6094764069828607,-0.6094844883302214,-0.6094902713958933
0.28000000000000025,-0.590553184883229,-0.6041612335804476,-0.6091434056709644,-0.6093642787237536,-0.6094736996390099,-0.6094831346276725,-0.609490000650292
0.30000000000000027,-0.5902586059611868,-0.6040154955453677,-0.6091143328468747,-0.6093497409945403,-0.609470791680156,-0.6094816806160436,-0.6094897098426081
0.31999999999999984,-0.5899436744427167,-0.6038596953818088,-0.6090832539618222,-0.6093342002220782,-0.6094676830967587,-0.6094801262907125,-0.6094893989719408
0.33999999999999986,-0.5896083835718947,-0.6036938311346491,-0.6090501688648832,-0.6093176563464531,-0.6094643738793433,-0.609478471647099,-0.609489068037399
0.3599999999999999,-0.5892527262352903,-0.6035179007590403,-0.6090150774022847,-0.6093001093073069,-0.6094608640185043,-0.6094767166806676,-0.6094887170381028
0.3799999999999999,-0.5888766949640115,-0.6033319021210298,-0.6089779794174603,-0.6092815590438594,-0.6094571535049091,-0.6094748613869294,-0.6094883459731827
0.3999999999999999,-0.5884802819358484,-0.6031358329982086,-0.6089388747511055,-0.6092620054949318,-0.6094532423293022,-0.6094729057614436,-0.6094879548417803
0.41999999999999993,-0.588063478977517,-0.6029296910803827,-0.6088977632412335,-0.6092414485989693,-0.6094491304825082,-0.6094708497998194,-0.609487543643049
0.43999999999999995,-0.5876262775669998,-0.6027134739702711,-0.6088546447232321,-0.6092198882940639,-0.6094448179554361,-0.6094686934977177,-0.6094871123761542
0.45999999999999996,-0.587168668835984,-0.6024871791842261,-0.608809519029922,-0.609197324517978,-0.6094403047390834,-0.6094664368508536,-0.6094866610402734
0.48,-0.5866906435723943,-0.6022508041529794,-0.6087623859916144,-0.6091737572081667,-0.6094355908245381,-0.6094640798549968,-0.6094861896345967
0.5,-0.5861921922230234,-0.6020043462224108,-0.6087132454361699,-0.6091491863018019,-0.6094306762029844,-0.6094616225059748,-0.6094856981583273
0.52,-0.5856733048962534,-0.6017478026543411,-0.6086620971890586,-0.6091236117357947,-0.6094255608657045,-0.6094590647996734,-0.6094851866106816
0.54,-0.5851339713648723,-0.6014811706273477,-0.6086089410734199,-0.6090970334468193,-0.6094202448040832,-0.609456406732039,-0.6094846549908898
0.56,-0.5845741810689815,-0.6012044472376029,-0.6085537769101225,-0.6090694513713354,-0.6094147280096108,-0.6094536482990804,-0.6094841032981957
0.5800000000000001,-0.5839939231189937,-0.6009176294997346,-0.6084966045178267,-0.6090408654456122,-0.6094090104738874,-0.6094507894968706,-0.6094835315318572
0.6000000000000001,-0.58339318629872,-0.6006207143477095,-0.6084374237130455,-0.6090112756057515,-0.6094030921886252,-0.6094478303215475,-0.6094829396911474
0.6200000000000001,-0.582771959068546,-0.6003136986357372,-0.6083762343102069,-0.6089806817877104,-0.6093969731456529,-0.6094447707693164,-0.6094823277753542
0.6400000000000001,-0.5821302295686942,-0.5999965791391969,-0.6083130361217167,-0.6089490839273252,-0.6093906533369178,-0.6094416108364511,-0.60948169578378
0.6600000000000001,-0.5814679856225724,-0.5996693525555824,-0.6082478289580213,-0.6089164819603344,-0.6093841327544907,-0.609438350519296,-0.6094810437157431
0.6800000000000002,-0.5807852147402055,-0.5993320155054711,-0.6081806126276716,-0.6088828758224015,-0.6093774113905676,-0.6094349898142665,-0.6094803715705778
0.7000000000000002,-0.580081904121751,-0.5989845645335101,-0.6081113869373868,-0.6088482654491387,-0.6093704892374738,-0.6094315287178522,-0.6094796793476343
0.7200000000000002,-0.5793580406610951,-0.5986269961094232,-0.608040151692118,-0.6088126507761293,-0.6093633662876671,-0.6094279672266171,-0.6094789670462789
0.7400000000000002,-0.5786136109495303,-0.5982593066290371,-0.6079669066951141,-0.6087760317389516,-0.6093560425337399,-0.6094243053372009,-0.6094782346658945
0.7600000000000002,-0.5778486012795094,-0.5978814924153267,-0.6078916517479854,-0.6087384082732004,-0.6093485179684233,-0.609420543046322,-0.6094774822058813
0.7800000000000002,-0.5770629976484778,-0.5974935497194778,-0.6078143866507697,-0.6086997803145114,-0.60934079258459,-0.6094166803507768,-0.6094767096656564
0.8000000000000003,-0.5762567857627815,-0.597095474721968,-0.607735111201997,-0.6086601477985828,-0.6093328663752564,-0.6094127172474424,-0.6094759170446541
0.8199999999999998,-0.5754299510416474,-0.5966872635336662,-0.6076538251987555,-0.6086195106611987,-0.6093247393335863,-0.609408653733278,-0.6094751043423269
0.8399999999999999,-0.5745824786212375,-0.5962689121969472,-0.6075705284367576,-0.608577868838251,-0.6093164114528934,-0.6094044898053254,-0.6094742715581446
0.8599999999999999,-0.5737143533587725,-0.5958404166868242,-0.6074852207104053,-0.6085352222657624,-0.6093078827266439,-0.6094002254607107,-0.6094734186915954
0.8799999999999999,-0.5728255598367249,-0.5954017729120964,-0.6073979018128571,-0.6084915708799082,-0.60929915314846,-0.6093958606966456,-0.6094725457421859
0.8999999999999999,-0.5719160823670791,-0.5949529767165131,-0.6073085715360937,-0.6084469146170389,-0.6092902227121214,-0.6093913955104286,-0.6094716527094411
0.9199999999999999,-0.5709859049956565,-0.5944940238799521,-0.6072172296709849,-0.6084012534137021,-0.6092810914115689,-0.6093868298994464,-0.6094707395929053
0.94,-0.5700350115065055,-0.5940249101196122,-0.6071238760073551,-0.6083545872066636,-0.6092717592409064,-0.6093821638611746,-0.6094698063921409
0.96,-0.5690633854263518,-0.5935456310912215,-0.6070285103340508,-0.6083069159329305,-0.6092622261944032,-0.6093773973931786,-0.6094688531067303
0.98,-0.5680710100291101,-0.5930561823902564,-0.6069311324390063,-0.6082582395297716,-0.609252492266497,-0.6093725304931159,-0.6094678797362751
1.0,-0.5670578683404534,-0.592556559553177,-0.6068317421093106,-0.6082085579347395,-0.609242557451796,-0.6093675631587356,-0.6094668862803967
1.02,-0.5660239431424389,-0.5920467580586721,-0.6067303391312736,-0.6081578710856912,-0.6092324217450809,-0.6093624953878808,-0.609465872738736
1.04,-0.5649692169781882,-0.5915267733289181,-0.6066269232904924,-0.6081061789208093,-0.6092220851413076,-0.6093573271784887,-0.6094648391109537
1.06,-0.5638936721566207,-0.5909966007308476,-0.6065214943719179,-0.608053481378623,-0.6092115476356091,-0.6093520585285915,-0.6094637853967314
1.08,-0.5627972907572368,-0.5904562355774305,-0.6064140521599203,-0.6079997783980285,-0.6092008092232973,-0.6093466894363186,-0.6094627115957705
1.1,-0.5616800546349504,-0.5899056731289652,-0.6063045964383552,-0.6079450699183094,-0.609189869899866,-0.609341219899896,-0.6094616177077926
1.12,-0.5605419454249682,-0.589344908594378,-0.6061931269906299,-0.6078893558791569,-0.6091787296609918,-0.6093356499176471,-0.6094605037325405
1.1400000000000001,-0.559382944547714,-0.5887739371325342,-0.6060796435997688,-0.6078326362206896,-0.6091673885025365,-0.6093299794879947,-0.6094593696697773
1.1600000000000001,-0.5582030332137945,-0.5881927538535562,-0.6059641460484785,-0.6077749108834735,-0.6091558464205487,-0.6093242086094615,-0.6094582155192875
1.1800000000000002,-0.5570021924290082,-0.5876013538201502,-0.6058466341192127,-0.6077161798085408,-0.6091441034112661,-0.60931833728067,-0.6094570412808762
1.2000000000000002,-0.5557804029993904,-0.5869997320489418,-0.605727107594238,-0.60765644293741,-0.6091321594711168,-0.6093123655003441,-0.6094558469543698
1.2200000000000002,-0.5545376455362975,-0.5863878835118163,-0.6056055662556975,-0.6075957002121043,-0.609120014596721,-0.6093062932673092,-0.609454632539616
1.2400000000000002,-0.5532739004615238,-0.5857658031372671,-0.6054820098856756,-0.6075339515751701,-0.6091076687848926,-0.6093001205804934,-0.6094533980364836
1.2600000000000002,-0.5519891480124518,-0.5851334858117513,-0.6053564382662614,-0.6074711969696961,-0.6090951220326403,-0.6092938474389279,-0.6094521434448633
1.2800000000000002,-0.5506833682472339,-0.5844909263810472,-0.605228851179613,-0.6074074363393311,-0.6090823743371696,-0.6092874738417469,-0.6094508687646674
1.3000000000000003,-0.5493565410500005,-0.5838381196516205,-0.6050992484080198,-0.6073426696283015,-0.6090694256958841,-0.6092809997881893,-0.6094495739958292
1.3200000000000003,-0.5480086461360968,-0.5831750603919923,-0.6049676297339652,-0.6072768967814297,-0.6090562761063865,-0.6092744252775985,-0.6094482591383042
1.3399999999999999,-0.5466396630573418,-0.5825017433341121,-0.6048339949401899,-0.6072101177441505,-0.6090429255664801,-0.6092677503094226,-0.60944692419207
1.3599999999999999,-0.5452495712073103,-0.5818181631747336,-0.6046983438097524,-0.607142332462529,-0.6090293740741698,-0.6092609748832162,-0.6094455691571254
1.38,-0.5438383498266355,-0.5811243145767929,-0.6045606761260914,-0.6070735408832767,-0.6090156216276631,-0.6092540989986389,-0.6094441940334918
1.4,-0.5424059780083283,-0.58042019217079,-0.604420991673086,-0.6070037429537682,-0.6090016682253713,-0.6092471226554574,-0.609442798821212
1.42,-0.5409524347031136,-0.5797057905561702,-0.6042792902351163,-0.6069329386220571,-0.6089875138659105,-0.6092400458535447,-0.6094413835203512
1.44,-0.5394776987247791,-0.5789811043027079,-0.6041355715971226,-0.6068611278368918,-0.6089731585481025,-0.6092328685928807,-0.6094399481309964
1.46,-0.5379817487555365,-0.5782461279518899,-0.6039898355446655,-0.6067883105477316,-0.6089586022709752,-0.6092255908735525,-0.6094384926532571
1.48,-0.5364645633513918,-0.5775008560182997,-0.6038420818639835,-0.6067144867047608,-0.608943845033764,-0.6092182126957548,-0.6094370170872644
1.5,-0.534926120947523,-0.5767452829910006,-0.6036923103420521,-0.6066396562589041,-0.608928886835912,-0.60921073405979,-0.6094355214331718
1.52,-0.533366399863663,-0.5759794033349172,-0.6035405207666399,-0.6065638191618414,-0.6089137276770705,-0.6092031549660681,-0.6094340056911549
1.54,-0.5317853783094855,-0.575203211492216,-0.6033867129263664,-0.6064869753660215,-0.6088983675571001,-0.6091954754151073,-0.6094324698614114
1.56,-0.5301830343899921,-0.5744167018836837,-0.6032308866107577,-0.6064091248246759,-0.6088828064760705,-0.6091876954075339,-0.6094309139441613
1.58,-0.528559346110898,-0.5736198689101023,-0.6030730416103018,-0.6063302674918326,-0.6088670444342618,-0.6091798149440822,-0.6094293379396465
1.6,-0.5269142913840142,-0.5728127069536217,-0.6029131777165031,-0.6062504033223293,-0.6088510814321638,-0.6091718340255942,-0.6094277418481312
1.62,-0.525247848032626,-0.5719952103791274,-0.6027512947219367,-0.6061695322718254,-0.6088349174704771,-0.6091637526530206,-0.6094261256699016
1.6400000000000001,-0.5235599937968614,-0.5711673735356051,-0.6025873924203016,-0.6060876542968154,-0.6088185525501126,-0.6091555708274199,-0.6094244894052658
1.6600000000000001,-0.521850706339053,-0.5703291907574999,-0.6024214706064733,-0.6060047693546412,-0.6088019866721923,-0.6091472885499586,-0.6094228330545545
1.6800000000000002,-0.5201199632490866,-0.56948065636607,-0.6022535290765549,-0.6059208774035024,-0.6087852198380495,-0.6091389058219115,-0.6094211566181195
1.7000000000000002,-0.5183677420497371,-0.5686217646707357,-0.6020835676279289,-0.6058359784024694,-0.6087682520492278,-0.6091304226446607,-0.609419460096335
1.7200000000000002,-0.5165940202019879,-0.56775250997042,-0.601911586059307,-0.6057500723114931,-0.6087510833074821,-0.6091218390196957,-0.6094177434895972
1.7400000000000002,-0.5147987751103342,-0.5668728865548853,-0.601737584170779,-0.6056631590914168,-0.6087337136147775,-0.6091131549486143,-0.609416006798324
1.7600000000000002,-0.512981984128066,-0.5659828887060601,-0.6015615617638627,-0.6055752387039853,-0.60871614297329,-0.6091043704331204,-0.6094142500229549
1.7800000000000002,-0.5111436245625288,-0.5650825106993592,-0.6013835186415496,-0.6054863111118559,-0.6086983713854064,-0.6090954854750257,-0.6094124731639512
1.8000000000000003,-0.5092836736803635,-0.5641717468049969,-0.6012034546083538,-0.6053963762786074,-0.6086803988537225,-0.6090865000762479,-0.6094106762217958
1.8200000000000003,-0.5074021087127176,-0.5632505912892888,-0.6010213694703566,-0.6053054341687497,-0.6086622253810448,-0.6090774142388112,-0.6094088591969927
1.8399999999999999,-0.5054989068604315,-0.5623190384159463,-0.6008372630352523,-0.6052134847477323,-0.6086438509703885,-0.609068227964846,-0.6094070220900678
1.8599999999999999,-0.5035740452991948,-0.5613770824473622,-0.6006511351123924,-0.6051205279819531,-0.6086252756249777,-0.6090589412565879,-0.6094051649015682
1.88,-0.5016275011846718,-0.5604247176458843,-0.6004629855128288,-0.6050265638387667,-0.6086064993482446,-0.6090495541163777,-0.6094032876320621
1.9,-0.49965925165759395,-0.55946193827508,-0.6002728140493564,-0.6049315922864916,-0.6085875221438289,-0.6090400665466613,-0.6094013902821387
1.92,-0.49766927384881754,-0.5584887386009895,-0.6000806205365545,-0.6048356132944184,-0.6085683440155772,-0.6090304785499884,-0.6093994728524085
1.94,-0.49565754488434577,-0.557505112893368,-0.5998864047908278,-0.6047386268328164,-0.6085489649675431,-0.6090207901290128,-0.6093975353435023
1.96,-0.4936240418903111,-0.5565110554269164,-0.5996901666304456,-0.6046406328729405,-0.6085293850039846,-0.6090110012864911,-0.6093955777560721
1.98,-0.49156874199791933,-0.5555065604824992,-0.5994919058755817,-0.604541631387037,-0.6085096041293647,-0.6090011120252832,-0.6093936000907906
2.0,-0.48949162234835053,-0.5544916223483506,-0.5992916223483505,-0.6044416223483505,-0.6084896223483505,-0.6089911223483505,-0.6093916023483504
